Username,Location
1405001,Lalbagh
1405001,Dhanmondi
1405001,Azimpur
1405002,Lalbagh
1405002,Gulshan
1405002,Framgate
1405003,Mirpur
1405003,Basundhara
1405003,Banani
1405004,Dhanmondi
1405004,Gulshan
1405004,Framgate
1405005,Mirpur
1405005,Rampura
1405005,Mohammadpur
1405006,Tejgaon
1405006,Kamalapur
1405006,Farmgate
1405007,Framgate
1405007,Kamalapur
1405007,Mirpur
1405008,Framgate
1405008,Basundhara
1405008,Motijheel
1405009,Tejgaon
1405009,Uttara
1405009,Mohakhali
1405010,Ramna
1405010,Uttara
1405010,Mohammadpur
1405011,Rampura
1405011,Banani
1405011,Malibagh
1405012,Malibagh
1405012,Kamalapur
1405012,Basundhara
1405013,Tejgaon
1405013,Uttara
1405013,Framgate
1405014,Mohammadpur
1405014,Framgate
1405014,Mirpur
1405015,Mirpur
1405015,Mohakhali
1405015,Banani
1405016,Mohakhali
1405016,Gulshan
1405016,Azimpur
1405017,Azimpur
1405017,Mohakhali
1405017,Motijheel
1405018,Basundhara
1405018,Lalbagh
1405018,Malibagh
1405019,Ramna
1405019,Mirpur
1405019,Azimpur
1405020,Mohammadpur
1405020,Motijheel
1405020,Lalbagh
1405021,Gulshan
1405021,Framgate
1405021,Kamalapur
1405022,Framgate
1405022,Ramna
1405022,Gulshan
1405023,Motijheel
1405023,Lalbagh
1405023,Ramna
1405024,Azimpur
1405024,Gulshan
1405024,Banani
1405025,Lalbagh
1405025,Mohammadpur
1405025,Motijheel
1405026,Badda
1405026,Motijheel
1405026,Uttara
1405027,Kamalapur
1405027,Mohammadpur
1405027,Framgate
1405028,Mohammadpur
1405028,Ramna
1405028,Motijheel
1405029,Motijheel
1405029,Tejgaon
1405029,Banani
1405030,Uttara
1405030,Mohakhali
1405030,Ramna
1405031,Rampura
1405031,Tejgaon
1405031,Kamalapur
1405032,Badda
1405032,Banani
1405032,Motijheel
1405033,Lalbagh
1405033,Mohakhali
1405033,Uttara
1405034,Tejgaon
1405034,Framgate
1405034,Motijheel
1405035,Mohammadpur
1405035,Badda
1405035,Rampura
1405036,Rampura
1405036,Tejgaon
1405036,Mohammadpur
1405037,Kamalapur
1405037,Lalbagh
1405037,Mirpur
1405038,Gulshan
1405038,Rampura
1405038,Tejgaon
1405039,Uttara
1405039,Mirpur
1405039,Banani
1405040,Rampura
1405040,Mohakhali
1405040,Azimpur
1405041,Banani
1405041,Mohakhali
1405041,Basundhara
1405042,Lalbagh
1405042,Mirpur
1405042,Mohammadpur
1405043,Basundhara
1405043,Ramna
1405043,Tejgaon
1405044,Tejgaon
1405044,Basundhara
1405044,Badda
1405045,Badda
1405045,Banani
1405045,Framgate
1405046,Ramna
1405046,Motijheel
1405046,Azimpur
1405047,Banani
1405047,Mirpur
1405047,Gulshan
1405048,Banani
1405048,Uttara
1405048,Gulshan
1405049,Banani
1405049,Tejgaon
1405049,Basundhara
1405050,Mohakhali
1405050,Motijheel
1405050,Framgate
1405051,Dhanmondi
1405051,Motijheel
1405051,Framgate
1405052,Mohammadpur
1405052,Mohakhali
1405052,Banani
1405053,Mohakhali
1405053,Badda
1405053,Motijheel
1405054,Rampura
1405054,Ramna
1405054,Motijheel
1405055,Malibagh
1405055,Mirpur
1405055,Uttara
1405056,Gulshan
1405056,Azimpur
1405056,Mohakhali
1405057,Malibagh
1405057,Uttara
1405057,Banani
1405058,Azimpur
1405058,Motijheel
1405058,Framgate
1405059,Framgate
1405059,Rampura
1405059,Motijheel
1405060,Tejgaon
1405060,Malibagh
1405060,Mirpur
1405061,Motijheel
1405061,Dhanmondi
1405061,Mohakhali
1405062,Ramna
1405062,Motijheel
1405062,Rampura
1405063,Badda
1405063,Gulshan
1405063,Framgate
1405064,Malibagh
1405064,Ramna
1405064,Gulshan
1405065,Mohammadpur
1405065,Kamalapur
1405065,Lalbagh
1405066,Azimpur
1405066,Malibagh
1405066,Ramna
1405067,Ramna
1405067,Gulshan
1405067,Badda
1405068,Malibagh
1405068,Tejgaon
1405068,Banani
1405069,Uttara
1405069,Mohakhali
1405069,Lalbagh
1405070,Mohammadpur
1405070,Motijheel
1405070,Ramna
1405071,Motijheel
1405071,Dhanmondi
1405071,Rampura
1405072,Dhanmondi
1405072,Mirpur
1405072,Framgate
1405073,Framgate
1405073,Rampura
1405073,Mohakhali
1405074,Mohakhali
1405074,Badda
1405074,Mohammadpur
1405075,Motijheel
1405075,Kamalapur
1405075,Malibagh
1405076,Malibagh
1405076,Dhanmondi
1405076,Mohammadpur
1405077,Tejgaon
1405077,Mohammadpur
1405077,Kamalapur
1405078,Tejgaon
1405078,Mirpur
1405078,Mohammadpur
1405079,Gulshan
1405079,Azimpur
1405079,Banani
1405080,Ramna
1405080,Kamalapur
1405080,Azimpur
1405081,Mohakhali
1405081,Motijheel
1405081,Gulshan
1405082,Mohammadpur
1405082,Badda
1405082,Mirpur
1405083,Lalbagh
1405083,Malibagh
1405083,Farmgate
1405084,Mohammadpur
1405084,Badda
1405084,Basundhara
1405085,Mohammadpur
1405085,Kamalapur
1405085,Rampura
1405086,Tejgaon
1405086,Badda
1405086,Rampura
1405087,Gulshan
1405087,Malibagh
1405087,Basundhara
1405088,Motijheel
1405088,Uttara
1405088,Badda
1405089,Banani
1405089,Mirpur
1405089,Tejgaon
1405090,Basundhara
1405090,Framgate
1405090,Malibagh
1405091,Banani
1405091,Mirpur
1405091,Ramna
1405092,Ramna
1405092,Banani
1405092,Dhanmondi
1405093,Ramna
1405093,Mirpur
1405093,Tejgaon
1405094,Tejgaon
1405094,Framgate
1405094,Banani
1405095,Dhanmondi
1405095,Malibagh
1405095,Gulshan
1405096,Mohammadpur
1405096,Gulshan
1405096,Framgate
1405097,Mohakhali
1405097,Framgate
1405097,Uttara
1405098,Mohakhali
1405098,Dhanmondi
1405098,Mohammadpur
1405099,Tejgaon
1405099,Framgate
1405099,Lalbagh
1405100,Malibagh
1405100,Lalbagh
1405100,Banani
1405101,Lalbagh
1405101,Dhanmondi
1405101,Motijheel
1405102,Ramna
1405102,Malibagh
1405102,Kamalapur
1405103,Dhanmondi
1405103,Uttara
1405103,Gulshan
1405104,Mirpur
1405104,Mohammadpur
1405104,Malibagh
1405105,Uttara
1405105,Motijheel
1405105,Mohammadpur
1405106,Ramna
1405106,Basundhara
1405106,Motijheel
1405107,Motijheel
1405107,Lalbagh
1405107,Kamalapur
1405108,Uttara
1405108,Ramna
1405108,Lalbagh
1405109,Basundhara
1405109,Azimpur
1405109,Badda
1405110,Gulshan
1405110,Malibagh
1405110,Rampura
1405111,Banani
1405111,Framgate
1405111,Gulshan
1405112,Mohakhali
1405112,Malibagh
1405112,Mohammadpur
1405113,Ramna
1405113,Malibagh
1405113,Kamalapur
1405114,Dhanmondi
1405114,Mohammadpur
1405114,Mohakhali
1405115,Mirpur
1405115,Ramna
1405115,Tejgaon
1405116,Badda
1405116,Rampura
1405116,Framgate
1405117,Kamalapur
1405117,Ramna
1405117,Motijheel
1405118,Gulshan
1405118,Rampura
1405118,Ramna
1405119,Mohammadpur
1405119,Badda
1405119,Motijheel
1405120,Motijheel
1405120,Azimpur
1405120,Motijheel
1405121,Framgate
1405121,Badda
1405121,Mohakhali
1405122,Motijheel
1405122,Uttara
1405122,Dhanmondi
