Username,Password,Name,Mobile No.,Email ID,Qualifications,Gender,Rating,Salary_1,Salary_2,Salary_3,Salary_more
1405001,pw.001,Anik Sarker,01521-405001,1405001@gmail.com,Studying CSE at BUET,Male,40,800,1200,1500,1600
1405002,pw.002,Md. Masum Mushfiq,01521-405002,1405002@gmail.com,Studying Bangla at DU,Male,35,500,800,900,1000
1405003,pw.003,Shehab Sarar Ahmed,01521-405003,1405003@gmail.com,Studying EEE at BUET,Male,49,1000,1500,1800,2000
1405004,pw.004,Tahmid Hasan,01521-405004,1405004@gmail.com,Studying Statistics at DU,Male,40,800,1200,1500,1600
1405005,pw.005,Nayeem Hasan Anik,01521-405005,1405005@gmail.com,Studying MBBS at SWMC,Male,39,500,800,900,1000
1405006,pw.006,Anindya Biswas,01521-405006,1405006@gmail.com,Studying Architecture at BUET,Male,41,800,1200,1500,1600
1405007,pw.007,Rifat Rahman,01521-405007,1405007@gmail.com,Studying Physics at DU,Male,46,1000,1500,1800,2000
1405008,pw.008,Arup Barua,01521-405008,1405008@gmail.com,Studying Chemical at BUET,Male,36,500,800,900,1000
1405009,pw.009,Makhdum Ahsan Rupak,01521-405009,1405009@gmail.com,Studying NAME at BUET,Male,32,400,600,750,800
1405010,pw.010,Farbin Fayza,01521-405010,1405010@gmail.com,Studying Architecture at BUET,Female,31,400,600,750,800
1405011,pw.011,Aaiyeesha Mostak,01521-405011,1405011@gmail.com,Studying CSE at NSU ,Female,36,500,800,900,1000
1405012,pw.012,Sheikh Abir Hasan,01521-405012,1405012@gmail.com,Studying IT at DU,Male,38,500,800,900,1000
1405013,pw.013,Ali Haisam Muhammad Rafid,01521-405013,1405013@gmail.com,Studying CSE at MIST,Male,33,400,600,750,800
1405014,pw.014,Gazi Abdur Rakib,01521-405014,1405014@gmail.com,Studying EEE at BUET,Male,40,800,1200,1500,1600
1405015,pw.015,Md. Toufikuzzaman,01521-405015,1405015@gmail.com,Studying CSE at BUET,Male,34,400,600,750,800
1405016,pw.016,Sadik Ahammed Siddique,01521-405016,1405016@gmail.com,Studying MBBS at SWMC,Male,38,500,800,900,1000
1405017,pw.017,Minhazur Rahman,01521-405017,1405017@gmail.com,Studying EEE at BUET,Male,34,400,600,750,800
1405018,pw.018,Md. Farhan Hasin,01521-405018,1405018@gmail.com,Studying CSE at NSU ,Male,32,400,600,750,800
1405019,pw.019,Zaara Tasnim Rifat,01521-405019,1405019@gmail.com,Studying CSE at BUET,Female,35,500,800,900,1000
1405020,pw.020,Syed Md. Mukit Rashid,01521-405020,1405020@gmail.com,Studying Chemistry at DU,Male,41,800,1200,1500,1600
1405021,pw.021,Sarkar Snigdha Sarathi Das,01521-405021,1405021@gmail.com,Studying IT at AIUB,Male,35,500,800,900,1000
1405022,pw.022,Sifat Muhammad Abdullah,01521-405022,1405022@gmail.com,Studying MBBS at DMC,Male,45,800,1200,1500,1600
1405023,pw.023,Afrina Tabassum,01521-405023,1405023@gmail.com,Studying CSE at UIU,Female,31,400,600,750,800
1405024,pw.024,Md.Ashiqur Rahman,01521-405024,1405024@gmail.com,Studying Civil at BUET,Male,34,400,600,750,800
1405025,pw.025,Md. Fahim Shahriar Chy.,01521-405025,1405025@gmail.com,Studying BBA at NSU,Male,37,500,800,900,1000
1405026,pw.026,Hasin Rayhan Dewan Dhruboo,01521-405026,1405026@gmail.com,Studying CSE at Brac,Male,47,1000,1500,1800,2000
1405027,pw.027,Md.Adnan Towhid Raihan,01521-405027,1405027@gmail.com,Studying Chemical at BUET,Male,42,800,1200,1500,1600
1405028,pw.028,Abhishek Agarwala,01521-405028,1405028@gmail.com,Studying Civil at BUET,Male,48,1000,1500,1800,2000
1405029,pw.029,Md. Hasanur Rahman,01521-405029,1405029@gmail.com,Studying MBBS at DMC,Male,43,800,1200,1500,1600
1405030,pw.030,Md. Sadiqur Rahman Sohel,01521-405030,1405030@gmail.com,Studying Aeronautical at MIST,Male,43,800,1200,1500,1600
1405031,pw.031,Saad Muhammed Junayed,01521-405031,1405031@gmail.com,Studying CSE at NSU ,Male,43,800,1200,1500,1600
1405032,pw.032,Md. Mainuddin Russel,01521-405032,1405032@gmail.com,Studying Software at Brac,Male,37,500,800,900,1000
1405033,pw.033,Tasneem Yasmeen,01521-405033,1405033@gmail.com,Studying Civil at BUET,Female,36,500,800,900,1000
1405034,pw.034,Provakar Mondal,01521-405034,1405034@gmail.com,Studying EEE at DU,Male,39,500,800,900,1000
1405035,pw.035,Md. Shariful Shohan,01521-405035,1405035@gmail.com,Studying Pharmacy at NSU,Male,44,800,1200,1500,1600
1405036,pw.036,Md. Tawkat Islam Khondaker,01521-405036,1405036@gmail.com,Studying IT at DU,Male,31,400,600,750,800
1405037,pw.037,Hasan Nahiyan,01521-405037,1405037@gmail.com,Studying Physics at DU,Male,34,400,600,750,800
1405038,pw.038,Abdullah Aman Tutul,01521-405038,1405038@gmail.com,Studying CSE at NSU ,Male,44,800,1200,1500,1600
1405039,pw.039,Momeena Mahmood,01521-405039,1405039@gmail.com,Studying Microbiology at DU,Female,43,800,1200,1500,1600
1405040,pw.040,Md. Mahmudul Hasan Sonet,01521-405040,1405040@gmail.com,Studying IPE at BUET,Male,44,800,1200,1500,1600
1405041,pw.041,Tasfia Zahin,01521-405041,1405041@gmail.com,Studying Civil at BUET,Female,47,1000,1500,1800,2000
1405042,pw.042,Angela Tithi Das,01521-405042,1405042@gmail.com,Studying IT at DU,Female,48,1000,1500,1800,2000
1405043,pw.043,Kanak Das,01521-405043,1405043@gmail.com,Studying MBBS at DMC,Male,38,500,800,900,1000
1405044,pw.044,Md. Yasin,01521-405044,1405044@gmail.com,Studying CSE at DU,Male,34,400,600,750,800
1405045,pw.045,Nafis Mustakin,01521-405045,1405045@gmail.com,Studying EEE at MIST,Male,35,600,800,900,1000
1405046,pw.046,Md. Mahim Anjum Haque,01521-405046,1405046@gmail.com,Studying CSE at BUET,Male,47,1000,1500,1800,2000
1405047,pw.047,Shahriar Ahmed Ashrafi,01521-405047,1405047@gmail.com,Studying Bangla at DU,Male,39,500,800,900,1000
1405048,pw.048,Md. Hasin Abrar,01521-405048,1405048@gmail.com,Studying EEE at BUET,Male,46,1000,1500,1800,2000
1405049,pw.049,Ayesha Siddiqua,01521-405049,1405049@gmail.com,Studying Statistics at DU,Male,38,500,800,900,1000
1405050,pw.050,Tarikul Islam,01521-405050,1405050@gmail.com,Studying MBBS at SWMC,Male,44,800,1200,1500,1600
1405051,pw.051,Junaed Younus Khan,01521-405051,1405051@gmail.com,Studying Architecture at BUET,Male,39,500,800,900,1000
1405052,pw.052,Qazi Fahim Farhan,01521-405052,1405052@gmail.com,Studying Physics at DU,Male,41,800,1200,1500,1600
1405053,pw.053,Rifat Rubayatul Islam,01521-405053,1405053@gmail.com,Studying Chemical at BUET,Male,49,1000,1500,1800,2000
1405054,pw.054,Sagor Sikdar,01521-405054,1405054@gmail.com,Studying NAME at BUET,Male,42,800,1200,1500,1600
1405055,pw.055,Redwan Ibne Seraj Khan,01521-405055,1405055@gmail.com,Studying Architecture at BUET,Male,42,800,1200,1500,1600
1405056,pw.056,Samiul Mushfik,01521-405056,1405056@gmail.com,Studying CSE at NSU ,Male,35,500,800,900,1000
1405057,pw.057,Md. Kaykobad Reza,01521-405057,1405057@gmail.com,Studying IT at DU,Male,41,800,1200,1500,1600
1405058,pw.058,Munif Mutasim,01521-405058,1405058@gmail.com,Studying CSE at MIST,Male,40,800,1200,1500,1600
1405059,pw.059,Md. Bakibillah,01521-405059,1405059@gmail.com,Studying EEE at BUET,Male,32,400,600,750,800
1405060,pw.060,Chashi Mahiul Islam,01521-405060,1405060@gmail.com,Studying CSE at BUET,Male,39,500,800,900,1000
1405061,pw.061,Md. A.M. Reza Khan,01521-405061,1405061@gmail.com,Studying MBBS at SWMC,Male,41,800,1200,1500,1600
1405062,pw.062,Shihab Arefin Sunny,01521-405062,1405062@gmail.com,Studying EEE at BUET,Male,47,1000,1500,1800,2000
1405063,pw.063,Arnab Dasgupta,01521-405063,1405063@gmail.com,Studying CSE at NSU ,Male,34,400,600,750,800
1405064,pw.064,Md. Zahid Hassan,01521-405064,1405064@gmail.com,Studying CSE at BUET,Male,38,500,800,900,1000
1405065,pw.065,Sadman Sadeed Omee,01521-405065,1405065@gmail.com,Studying Chemistry at DU,Male,33,400,600,750,800
1405066,pw.066,Syed Mostofa Monsur,01521-405066,1405066@gmail.com,Studying IT at AIUB,Male,38,500,800,900,1000
1405067,pw.067,Md. Rishadur Rahman,01521-405067,1405067@gmail.com,Studying MBBS at DMC,Male,37,500,800,900,1000
1405068,pw.068,Mainul Hossain,01521-405068,1405068@gmail.com,Studying CSE at UIU,Male,32,400,600,750,800
1405069,pw.069,Faiyaz Rashid Nabil,01521-405069,1405069@gmail.com,Studying Civil at BUET,Male,43,800,1200,1500,1600
1405070,pw.070,Dibyendu Das,01521-405070,1405070@gmail.com,Studying BBA at NSU,Male,35,500,800,900,1000
1405071,pw.071,Md. Ehtesham-Ul-Haque,01521-405071,1405071@gmail.com,Studying CSE at Brac,Male,44,800,1200,1500,1600
1405072,pw.072,M. M. Al-Farabee,01521-405072,1405072@gmail.com,Studying Chemical at BUET,Male,32,400,600,750,800
1405073,pw.073,Ealham Al Musabbir,01521-405073,1405073@gmail.com,Studying Civil at BUET,Male,45,800,1200,1500,1600
1405074,pw.074,Jacob D. Rozario,01521-405074,1405074@gmail.com,Studying MBBS at DMC,Male,31,400,600,750,800
1405075,pw.075,Muhammad Azmain Adel,01521-405075,1405075@gmail.com,Studying Aeronautical at MIST,Male,46,1000,1500,1800,2000
1405076,pw.076,Md. Shariar Kabir,01521-405076,1405076@gmail.com,Studying CSE at NSU ,Male,44,800,1200,1500,1600
1405077,pw.077,Md. Abdullah-Al-Mamun,01521-405077,1405077@gmail.com,Studying Software at Brac,Male,39,500,800,900,1000
1405078,pw.078,Farzana Yasmin Ahmad,01521-405078,1405078@gmail.com,Studying Civil at BUET,Female,38,500,800,900,1000
1405079,pw.079,Ajoy Das,01521-405079,1405079@gmail.com,Studying EEE at DU,Male,31,400,600,750,800
1405080,pw.080,Md. Nashir Ahmed,01521-405080,1405080@gmail.com,Studying Pharmacy at NSU,Male,38,500,800,900,1000
1405081,pw.081,Reza Md. Ruhul Roktim,01521-405081,1405081@gmail.com,Studying IT at DU,Male,36,500,800,900,1000
1405082,pw.082,Dipannoy Das Gupta,01521-405082,1405082@gmail.com,Studying Physics at DU,Male,47,1000,1500,1800,2000
1405083,pw.083,Alif Arfab Pavel,01521-405083,1405083@gmail.com,Studying CSE at NSU ,Male,45,800,1200,1500,1600
1405084,pw.084,H. M. Tanjil,01521-405084,1405084@gmail.com,Studying Microbiology at DU,Male,37,500,800,900,1000
1405085,pw.085,Shubhashish Kar,01521-405085,1405085@gmail.com,Studying IPE at BUET,Male,40,800,1200,1500,1600
1405086,pw.086,Muhtasim Ulfat,01521-405086,1405086@gmail.com,Studying Civil at BUET,Male,40,800,1200,1500,1600
1405087,pw.087,S. M. Maksudul Alam,01521-405087,1405087@gmail.com,Studying IT at DU,Male,32,400,600,750,800
1405088,pw.088,Nibir Chandra Mandal,01521-405088,1405088@gmail.com,Studying MBBS at DMC,Male,32,400,600,750,800
1405089,pw.089,Mohammed Sazzad Hossain,01521-405089,1405089@gmail.com,Studying CSE at DU,Male,47,1000,1500,1800,2000
1405090,pw.090,Md.Sadman Yasar Ridit,01521-405090,1405090@gmail.com,Studying EEE at MIST,Male,36,500,800,900,1000
1405091,pw.091,Yeaseen Arafat,01521-405091,1405091@gmail.com,Studying Chemistry at DU,Male,42,800,1200,1500,1600
1405092,pw.092,Shantanu Dutta,01521-405092,1405092@gmail.com,Studying IT at AIUB,Male,33,400,600,750,800
1405093,pw.093,Mrinmoy Saha Roddur,01521-405093,1405093@gmail.com,Studying MBBS at DMC,Male,45,800,1200,1500,1600
1405094,pw.094,Tomal Majumder,01521-405094,1405094@gmail.com,Studying CSE at UIU,Male,33,400,600,750,800
1405095,pw.095,Jannat Ara Meem,01521-405095,1405095@gmail.com,Studying Civil at BUET,Female,37,500,800,900,1000
1405096,pw.096,Pranta Biswas,01521-405096,1405096@gmail.com,Studying BBA at NSU,Male,34,400,600,750,800
1405097,pw.097,Sabuj Laskar,01521-405097,1405097@gmail.com,Studying CSE at Brac,Male,30,400,600,750,800
1405098,pw.098,Nazmun Nahar,01521-405098,1405098@gmail.com,Studying Chemical at BUET,Female,42,800,1200,1500,1600
1405099,pw.099,Fardous Ahmed Rubel,01521-405099,1405099@gmail.com,Studying Civil at BUET,Male,40,800,1200,1500,1600
1405100,pw.100,Tahrina Tasnim,01521-405100,1405100@gmail.com,Studying MBBS at DMC,Female,37,500,800,900,1000
1405101,pw.101,Mizanur Rahman Jewel,01521-405101,1405101@gmail.com,Studying Aeronautical at MIST,Male,39,500,800,900,1000
1405102,pw.102,Md. Nahiyan Uddin,01521-405102,1405102@gmail.com,Studying CSE at NSU ,Male,42,800,1200,1500,1600
1405103,pw.103,Kazi Samin Yeaser,01521-405103,1405103@gmail.com,Studying Software at Brac,Male,38,500,800,900,1000
1405104,pw.104,Dipto Roy,01521-405104,1405104@gmail.com,Studying Civil at BUET,Male,43,800,1200,1500,1600
1405105,pw.105,Saad-Al-Muttakee,01521-405105,1405105@gmail.com,Studying EEE at DU,Male,32,400,600,750,800
1405106,pw.106,Md. Arafat Hossain,01521-405106,1405106@gmail.com,Studying Pharmacy at NSU,Male,30,400,600,750,800
1405107,pw.107,Aunabil Chakma,01521-405107,1405107@gmail.com,Studying IT at DU,Male,37,500,800,900,1000
1405108,pw.108,Salsabil Arabi,01521-405108,1405108@gmail.com,Studying Physics at DU,Female,43,800,1200,1500,1600
1405109,pw.109,Md. Moinul Hossain,01521-405109,1405109@gmail.com,Studying CSE at NSU ,Male,30,400,600,750,800
1405110,pw.110,Soumita Ghosh,01521-405110,1405110@gmail.com,Studying Microbiology at DU,Female,38,500,800,750,800
1405111,pw.111,Ananna Rahman,01521-405111,1405111@gmail.com,Studying IPE at BUET,Female,30,400,600,750,800
1405112,pw.112,Akib Jawad Nafis,01521-405112,1405112@gmail.com,Studying Civil at BUET,Male,44,800,1200,1500,1600
1405113,pw.113,Md. Saiful Alam,01521-405113,1405113@gmail.com,Studying IT at DU,Male,43,800,1200,1500,1600
1405114,pw.114,Niloy Karmaker,01521-405114,1405114@gmail.com,Studying MBBS at DMC,Male,39,500,800,900,1000
1405115,pw.115,Mohammad Riad Ashraf,01521-405115,1405115@gmail.com,Studying CSE at DU,Male,39,500,800,900,1000
1405116,pw.116,Md. Nafiul Alam Fuji,01521-405116,1405116@gmail.com,Studying EEE at MIST,Male,37,500,800,900,1000
1405117,pw.117,Sakib Fuad,01521-405117,1405117@gmail.com,Studying CSE at BUET,Male,48,1000,1500,1800,2000
1405118,pw.118,Sajid Samsad Rakib,01521-405118,1405118@gmail.com,Studying Bangla at DU,Male,32,400,600,750,800
1405119,pw.119,Md.Mirajul Islam,01521-405119,1405119@gmail.com,Studying EEE at BUET,Male,40,800,1200,1500,1600
1405120,pw.120,Shuvo Chakma,01521-405120,1405120@gmail.com,Studying Statistics at DU,Male,34,400,600,750,800
1405121,pw.121,Rajan Shrestha,01521-405121,1405121@gmail.com,Studying MBBS at SWMC,Male,41,800,1200,1500,1600
1405122,pw.122,Saurav Gupta,01521-405122,1405122@gmail.com,Studying Architecture at BUET,Male,30,400,600,750,800
